{"name":"FerramentaApoio","classpathEntries":[{"kind":"binary","path":"C:\\Program Files\\Java\\jdk1.8.0_111\\jre\\lib\\resources.jar","javadocContainerUrl":"https://docs.oracle.com/javase/1/docs/api/","isSystem":true,"isOwn":false,"isTest":false,"isJavaContent":false},{"kind":"binary","path":"C:\\Program Files\\Java\\jdk1.8.0_111\\jre\\lib\\rt.jar","javadocContainerUrl":"https://docs.oracle.com/javase/1/docs/api/","isSystem":true,"isOwn":false,"isTest":false,"isJavaContent":false},{"kind":"binary","path":"C:\\Program Files\\Java\\jdk1.8.0_111\\jre\\lib\\jsse.jar","javadocContainerUrl":"https://docs.oracle.com/javase/1/docs/api/","isSystem":true,"isOwn":false,"isTest":false,"isJavaContent":false},{"kind":"binary","path":"C:\\Program Files\\Java\\jdk1.8.0_111\\jre\\lib\\jce.jar","javadocContainerUrl":"https://docs.oracle.com/javase/1/docs/api/","isSystem":true,"isOwn":false,"isTest":false,"isJavaContent":false},{"kind":"binary","path":"C:\\Program Files\\Java\\jdk1.8.0_111\\jre\\lib\\charsets.jar","javadocContainerUrl":"https://docs.oracle.com/javase/1/docs/api/","isSystem":true,"isOwn":false,"isTest":false,"isJavaContent":false},{"kind":"binary","path":"C:\\Program Files\\Java\\jdk1.8.0_111\\jre\\lib\\jfr.jar","javadocContainerUrl":"https://docs.oracle.com/javase/1/docs/api/","isSystem":true,"isOwn":false,"isTest":false,"isJavaContent":false},{"kind":"binary","path":"C:\\Users\\andersonlbarbosa\\.m2\\repository\\org\\springframework\\boot\\spring-boot-starter\\2.1.3.RELEASE\\spring-boot-starter-2.1.3.RELEASE.jar","isSystem":false,"isOwn":false,"isTest":false,"isJavaContent":false},{"kind":"binary","path":"C:\\Users\\andersonlbarbosa\\.m2\\repository\\org\\springframework\\boot\\spring-boot\\2.1.3.RELEASE\\spring-boot-2.1.3.RELEASE.jar","sourceContainerUrl":"file:/C:/Users/andersonlbarbosa/.m2/repository/org/springframework/boot/spring-boot/2.1.3.RELEASE/spring-boot-2.1.3.RELEASE-sources.jar","javadocContainerUrl":"file:/C:/Users/andersonlbarbosa/.m2/repository/org/springframework/boot/spring-boot/2.1.3.RELEASE/spring-boot-2.1.3.RELEASE-javadoc.jar","isSystem":false,"isOwn":false,"isTest":false,"isJavaContent":false},{"kind":"binary","path":"C:\\Users\\andersonlbarbosa\\.m2\\repository\\org\\springframework\\spring-context\\5.1.5.RELEASE\\spring-context-5.1.5.RELEASE.jar","sourceContainerUrl":"file:/C:/Users/andersonlbarbosa/.m2/repository/org/springframework/spring-context/5.1.5.RELEASE/spring-context-5.1.5.RELEASE-sources.jar","javadocContainerUrl":"file:/C:/Users/andersonlbarbosa/.m2/repository/org/springframework/spring-context/5.1.5.RELEASE/spring-context-5.1.5.RELEASE-javadoc.jar","isSystem":false,"isOwn":false,"isTest":false,"isJavaContent":false},{"kind":"binary","path":"C:\\Users\\andersonlbarbosa\\.m2\\repository\\org\\springframework\\spring-aop\\5.1.5.RELEASE\\spring-aop-5.1.5.RELEASE.jar","sourceContainerUrl":"file:/C:/Users/andersonlbarbosa/.m2/repository/org/springframework/spring-aop/5.1.5.RELEASE/spring-aop-5.1.5.RELEASE-sources.jar","javadocContainerUrl":"file:/C:/Users/andersonlbarbosa/.m2/repository/org/springframework/spring-aop/5.1.5.RELEASE/spring-aop-5.1.5.RELEASE-javadoc.jar","isSystem":false,"isOwn":false,"isTest":false,"isJavaContent":false},{"kind":"binary","path":"C:\\Users\\andersonlbarbosa\\.m2\\repository\\org\\springframework\\spring-beans\\5.1.5.RELEASE\\spring-beans-5.1.5.RELEASE.jar","sourceContainerUrl":"file:/C:/Users/andersonlbarbosa/.m2/repository/org/springframework/spring-beans/5.1.5.RELEASE/spring-beans-5.1.5.RELEASE-sources.jar","javadocContainerUrl":"file:/C:/Users/andersonlbarbosa/.m2/repository/org/springframework/spring-beans/5.1.5.RELEASE/spring-beans-5.1.5.RELEASE-javadoc.jar","isSystem":false,"isOwn":false,"isTest":false,"isJavaContent":false},{"kind":"binary","path":"C:\\Users\\andersonlbarbosa\\.m2\\repository\\org\\springframework\\spring-expression\\5.1.5.RELEASE\\spring-expression-5.1.5.RELEASE.jar","sourceContainerUrl":"file:/C:/Users/andersonlbarbosa/.m2/repository/org/springframework/spring-expression/5.1.5.RELEASE/spring-expression-5.1.5.RELEASE-sources.jar","javadocContainerUrl":"file:/C:/Users/andersonlbarbosa/.m2/repository/org/springframework/spring-expression/5.1.5.RELEASE/spring-expression-5.1.5.RELEASE-javadoc.jar","isSystem":false,"isOwn":false,"isTest":false,"isJavaContent":false},{"kind":"binary","path":"C:\\Users\\andersonlbarbosa\\.m2\\repository\\org\\springframework\\boot\\spring-boot-autoconfigure\\2.1.3.RELEASE\\spring-boot-autoconfigure-2.1.3.RELEASE.jar","sourceContainerUrl":"file:/C:/Users/andersonlbarbosa/.m2/repository/org/springframework/boot/spring-boot-autoconfigure/2.1.3.RELEASE/spring-boot-autoconfigure-2.1.3.RELEASE-sources.jar","javadocContainerUrl":"file:/C:/Users/andersonlbarbosa/.m2/repository/org/springframework/boot/spring-boot-autoconfigure/2.1.3.RELEASE/spring-boot-autoconfigure-2.1.3.RELEASE-javadoc.jar","isSystem":false,"isOwn":false,"isTest":false,"isJavaContent":false},{"kind":"binary","path":"C:\\Users\\andersonlbarbosa\\.m2\\repository\\org\\springframework\\boot\\spring-boot-starter-logging\\2.1.3.RELEASE\\spring-boot-starter-logging-2.1.3.RELEASE.jar","isSystem":false,"isOwn":false,"isTest":false,"isJavaContent":false},{"kind":"binary","path":"C:\\Users\\andersonlbarbosa\\.m2\\repository\\ch\\qos\\logback\\logback-classic\\1.2.3\\logback-classic-1.2.3.jar","sourceContainerUrl":"file:/C:/Users/andersonlbarbosa/.m2/repository/ch/qos/logback/logback-classic/1.2.3/logback-classic-1.2.3-sources.jar","javadocContainerUrl":"file:/C:/Users/andersonlbarbosa/.m2/repository/ch/qos/logback/logback-classic/1.2.3/logback-classic-1.2.3-javadoc.jar","isSystem":false,"isOwn":false,"isTest":false,"isJavaContent":false},{"kind":"binary","path":"C:\\Users\\andersonlbarbosa\\.m2\\repository\\ch\\qos\\logback\\logback-core\\1.2.3\\logback-core-1.2.3.jar","sourceContainerUrl":"file:/C:/Users/andersonlbarbosa/.m2/repository/ch/qos/logback/logback-core/1.2.3/logback-core-1.2.3-sources.jar","javadocContainerUrl":"file:/C:/Users/andersonlbarbosa/.m2/repository/ch/qos/logback/logback-core/1.2.3/logback-core-1.2.3-javadoc.jar","isSystem":false,"isOwn":false,"isTest":false,"isJavaContent":false},{"kind":"binary","path":"C:\\Users\\andersonlbarbosa\\.m2\\repository\\org\\apache\\logging\\log4j\\log4j-to-slf4j\\2.11.2\\log4j-to-slf4j-2.11.2.jar","sourceContainerUrl":"file:/C:/Users/andersonlbarbosa/.m2/repository/org/apache/logging/log4j/log4j-to-slf4j/2.11.2/log4j-to-slf4j-2.11.2-sources.jar","javadocContainerUrl":"file:/C:/Users/andersonlbarbosa/.m2/repository/org/apache/logging/log4j/log4j-to-slf4j/2.11.2/log4j-to-slf4j-2.11.2-javadoc.jar","isSystem":false,"isOwn":false,"isTest":false,"isJavaContent":false},{"kind":"binary","path":"C:\\Users\\andersonlbarbosa\\.m2\\repository\\org\\apache\\logging\\log4j\\log4j-api\\2.11.2\\log4j-api-2.11.2.jar","sourceContainerUrl":"file:/C:/Users/andersonlbarbosa/.m2/repository/org/apache/logging/log4j/log4j-api/2.11.2/log4j-api-2.11.2-sources.jar","javadocContainerUrl":"file:/C:/Users/andersonlbarbosa/.m2/repository/org/apache/logging/log4j/log4j-api/2.11.2/log4j-api-2.11.2-javadoc.jar","isSystem":false,"isOwn":false,"isTest":false,"isJavaContent":false},{"kind":"binary","path":"C:\\Users\\andersonlbarbosa\\.m2\\repository\\org\\slf4j\\jul-to-slf4j\\1.7.25\\jul-to-slf4j-1.7.25.jar","sourceContainerUrl":"file:/C:/Users/andersonlbarbosa/.m2/repository/org/slf4j/jul-to-slf4j/1.7.25/jul-to-slf4j-1.7.25-sources.jar","javadocContainerUrl":"file:/C:/Users/andersonlbarbosa/.m2/repository/org/slf4j/jul-to-slf4j/1.7.25/jul-to-slf4j-1.7.25-javadoc.jar","isSystem":false,"isOwn":false,"isTest":false,"isJavaContent":false},{"kind":"binary","path":"C:\\Users\\andersonlbarbosa\\.m2\\repository\\javax\\annotation\\javax.annotation-api\\1.3.2\\javax.annotation-api-1.3.2.jar","sourceContainerUrl":"file:/C:/Users/andersonlbarbosa/.m2/repository/javax/annotation/javax.annotation-api/1.3.2/javax.annotation-api-1.3.2-sources.jar","javadocContainerUrl":"file:/C:/Users/andersonlbarbosa/.m2/repository/javax/annotation/javax.annotation-api/1.3.2/javax.annotation-api-1.3.2-javadoc.jar","isSystem":false,"isOwn":false,"isTest":false,"isJavaContent":false},{"kind":"binary","path":"C:\\Users\\andersonlbarbosa\\.m2\\repository\\org\\springframework\\spring-core\\5.1.5.RELEASE\\spring-core-5.1.5.RELEASE.jar","sourceContainerUrl":"file:/C:/Users/andersonlbarbosa/.m2/repository/org/springframework/spring-core/5.1.5.RELEASE/spring-core-5.1.5.RELEASE-sources.jar","javadocContainerUrl":"file:/C:/Users/andersonlbarbosa/.m2/repository/org/springframework/spring-core/5.1.5.RELEASE/spring-core-5.1.5.RELEASE-javadoc.jar","isSystem":false,"isOwn":false,"isTest":false,"isJavaContent":false},{"kind":"binary","path":"C:\\Users\\andersonlbarbosa\\.m2\\repository\\org\\springframework\\spring-jcl\\5.1.5.RELEASE\\spring-jcl-5.1.5.RELEASE.jar","sourceContainerUrl":"file:/C:/Users/andersonlbarbosa/.m2/repository/org/springframework/spring-jcl/5.1.5.RELEASE/spring-jcl-5.1.5.RELEASE-sources.jar","javadocContainerUrl":"file:/C:/Users/andersonlbarbosa/.m2/repository/org/springframework/spring-jcl/5.1.5.RELEASE/spring-jcl-5.1.5.RELEASE-javadoc.jar","isSystem":false,"isOwn":false,"isTest":false,"isJavaContent":false},{"kind":"binary","path":"C:\\Users\\andersonlbarbosa\\.m2\\repository\\org\\yaml\\snakeyaml\\1.23\\snakeyaml-1.23.jar","sourceContainerUrl":"file:/C:/Users/andersonlbarbosa/.m2/repository/org/yaml/snakeyaml/1.23/snakeyaml-1.23-sources.jar","javadocContainerUrl":"file:/C:/Users/andersonlbarbosa/.m2/repository/org/yaml/snakeyaml/1.23/snakeyaml-1.23-javadoc.jar","isSystem":false,"isOwn":false,"isTest":false,"isJavaContent":false},{"kind":"binary","path":"C:\\Users\\andersonlbarbosa\\.m2\\repository\\org\\springframework\\boot\\spring-boot-starter-test\\2.1.3.RELEASE\\spring-boot-starter-test-2.1.3.RELEASE.jar","isSystem":false,"isOwn":false,"isTest":false,"isJavaContent":false},{"kind":"binary","path":"C:\\Users\\andersonlbarbosa\\.m2\\repository\\org\\springframework\\boot\\spring-boot-test\\2.1.3.RELEASE\\spring-boot-test-2.1.3.RELEASE.jar","sourceContainerUrl":"file:/C:/Users/andersonlbarbosa/.m2/repository/org/springframework/boot/spring-boot-test/2.1.3.RELEASE/spring-boot-test-2.1.3.RELEASE-sources.jar","javadocContainerUrl":"file:/C:/Users/andersonlbarbosa/.m2/repository/org/springframework/boot/spring-boot-test/2.1.3.RELEASE/spring-boot-test-2.1.3.RELEASE-javadoc.jar","isSystem":false,"isOwn":false,"isTest":false,"isJavaContent":false},{"kind":"binary","path":"C:\\Users\\andersonlbarbosa\\.m2\\repository\\org\\springframework\\boot\\spring-boot-test-autoconfigure\\2.1.3.RELEASE\\spring-boot-test-autoconfigure-2.1.3.RELEASE.jar","sourceContainerUrl":"file:/C:/Users/andersonlbarbosa/.m2/repository/org/springframework/boot/spring-boot-test-autoconfigure/2.1.3.RELEASE/spring-boot-test-autoconfigure-2.1.3.RELEASE-sources.jar","javadocContainerUrl":"file:/C:/Users/andersonlbarbosa/.m2/repository/org/springframework/boot/spring-boot-test-autoconfigure/2.1.3.RELEASE/spring-boot-test-autoconfigure-2.1.3.RELEASE-javadoc.jar","isSystem":false,"isOwn":false,"isTest":false,"isJavaContent":false},{"kind":"binary","path":"C:\\Users\\andersonlbarbosa\\.m2\\repository\\com\\jayway\\jsonpath\\json-path\\2.4.0\\json-path-2.4.0.jar","sourceContainerUrl":"file:/C:/Users/andersonlbarbosa/.m2/repository/com/jayway/jsonpath/json-path/2.4.0/json-path-2.4.0-sources.jar","javadocContainerUrl":"file:/C:/Users/andersonlbarbosa/.m2/repository/com/jayway/jsonpath/json-path/2.4.0/json-path-2.4.0-javadoc.jar","isSystem":false,"isOwn":false,"isTest":false,"isJavaContent":false},{"kind":"binary","path":"C:\\Users\\andersonlbarbosa\\.m2\\repository\\net\\minidev\\json-smart\\2.3\\json-smart-2.3.jar","sourceContainerUrl":"file:/C:/Users/andersonlbarbosa/.m2/repository/net/minidev/json-smart/2.3/json-smart-2.3-sources.jar","javadocContainerUrl":"file:/C:/Users/andersonlbarbosa/.m2/repository/net/minidev/json-smart/2.3/json-smart-2.3-javadoc.jar","isSystem":false,"isOwn":false,"isTest":false,"isJavaContent":false},{"kind":"binary","path":"C:\\Users\\andersonlbarbosa\\.m2\\repository\\net\\minidev\\accessors-smart\\1.2\\accessors-smart-1.2.jar","sourceContainerUrl":"file:/C:/Users/andersonlbarbosa/.m2/repository/net/minidev/accessors-smart/1.2/accessors-smart-1.2-sources.jar","javadocContainerUrl":"file:/C:/Users/andersonlbarbosa/.m2/repository/net/minidev/accessors-smart/1.2/accessors-smart-1.2-javadoc.jar","isSystem":false,"isOwn":false,"isTest":false,"isJavaContent":false},{"kind":"binary","path":"C:\\Users\\andersonlbarbosa\\.m2\\repository\\org\\ow2\\asm\\asm\\5.0.4\\asm-5.0.4.jar","sourceContainerUrl":"file:/C:/Users/andersonlbarbosa/.m2/repository/org/ow2/asm/asm/5.0.4/asm-5.0.4-sources.jar","javadocContainerUrl":"file:/C:/Users/andersonlbarbosa/.m2/repository/org/ow2/asm/asm/5.0.4/asm-5.0.4-javadoc.jar","isSystem":false,"isOwn":false,"isTest":false,"isJavaContent":false},{"kind":"binary","path":"C:\\Users\\andersonlbarbosa\\.m2\\repository\\org\\slf4j\\slf4j-api\\1.7.25\\slf4j-api-1.7.25.jar","sourceContainerUrl":"file:/C:/Users/andersonlbarbosa/.m2/repository/org/slf4j/slf4j-api/1.7.25/slf4j-api-1.7.25-sources.jar","javadocContainerUrl":"file:/C:/Users/andersonlbarbosa/.m2/repository/org/slf4j/slf4j-api/1.7.25/slf4j-api-1.7.25-javadoc.jar","isSystem":false,"isOwn":false,"isTest":false,"isJavaContent":false},{"kind":"binary","path":"C:\\Users\\andersonlbarbosa\\.m2\\repository\\junit\\junit\\4.12\\junit-4.12.jar","sourceContainerUrl":"file:/C:/Users/andersonlbarbosa/.m2/repository/junit/junit/4.12/junit-4.12-sources.jar","javadocContainerUrl":"file:/C:/Users/andersonlbarbosa/.m2/repository/junit/junit/4.12/junit-4.12-javadoc.jar","isSystem":false,"isOwn":false,"isTest":false,"isJavaContent":false},{"kind":"binary","path":"C:\\Users\\andersonlbarbosa\\.m2\\repository\\org\\assertj\\assertj-core\\3.11.1\\assertj-core-3.11.1.jar","sourceContainerUrl":"file:/C:/Users/andersonlbarbosa/.m2/repository/org/assertj/assertj-core/3.11.1/assertj-core-3.11.1-sources.jar","javadocContainerUrl":"file:/C:/Users/andersonlbarbosa/.m2/repository/org/assertj/assertj-core/3.11.1/assertj-core-3.11.1-javadoc.jar","isSystem":false,"isOwn":false,"isTest":false,"isJavaContent":false},{"kind":"binary","path":"C:\\Users\\andersonlbarbosa\\.m2\\repository\\org\\mockito\\mockito-core\\2.23.4\\mockito-core-2.23.4.jar","sourceContainerUrl":"file:/C:/Users/andersonlbarbosa/.m2/repository/org/mockito/mockito-core/2.23.4/mockito-core-2.23.4-sources.jar","javadocContainerUrl":"file:/C:/Users/andersonlbarbosa/.m2/repository/org/mockito/mockito-core/2.23.4/mockito-core-2.23.4-javadoc.jar","isSystem":false,"isOwn":false,"isTest":false,"isJavaContent":false},{"kind":"binary","path":"C:\\Users\\andersonlbarbosa\\.m2\\repository\\net\\bytebuddy\\byte-buddy\\1.9.10\\byte-buddy-1.9.10.jar","sourceContainerUrl":"file:/C:/Users/andersonlbarbosa/.m2/repository/net/bytebuddy/byte-buddy/1.9.10/byte-buddy-1.9.10-sources.jar","javadocContainerUrl":"file:/C:/Users/andersonlbarbosa/.m2/repository/net/bytebuddy/byte-buddy/1.9.10/byte-buddy-1.9.10-javadoc.jar","isSystem":false,"isOwn":false,"isTest":false,"isJavaContent":false},{"kind":"binary","path":"C:\\Users\\andersonlbarbosa\\.m2\\repository\\net\\bytebuddy\\byte-buddy-agent\\1.9.10\\byte-buddy-agent-1.9.10.jar","sourceContainerUrl":"file:/C:/Users/andersonlbarbosa/.m2/repository/net/bytebuddy/byte-buddy-agent/1.9.10/byte-buddy-agent-1.9.10-sources.jar","javadocContainerUrl":"file:/C:/Users/andersonlbarbosa/.m2/repository/net/bytebuddy/byte-buddy-agent/1.9.10/byte-buddy-agent-1.9.10-javadoc.jar","isSystem":false,"isOwn":false,"isTest":false,"isJavaContent":false},{"kind":"binary","path":"C:\\Users\\andersonlbarbosa\\.m2\\repository\\org\\objenesis\\objenesis\\2.6\\objenesis-2.6.jar","sourceContainerUrl":"file:/C:/Users/andersonlbarbosa/.m2/repository/org/objenesis/objenesis/2.6/objenesis-2.6-sources.jar","javadocContainerUrl":"file:/C:/Users/andersonlbarbosa/.m2/repository/org/objenesis/objenesis/2.6/objenesis-2.6-javadoc.jar","isSystem":false,"isOwn":false,"isTest":false,"isJavaContent":false},{"kind":"binary","path":"C:\\Users\\andersonlbarbosa\\.m2\\repository\\org\\hamcrest\\hamcrest-core\\1.3\\hamcrest-core-1.3.jar","sourceContainerUrl":"file:/C:/Users/andersonlbarbosa/.m2/repository/org/hamcrest/hamcrest-core/1.3/hamcrest-core-1.3-sources.jar","javadocContainerUrl":"file:/C:/Users/andersonlbarbosa/.m2/repository/org/hamcrest/hamcrest-core/1.3/hamcrest-core-1.3-javadoc.jar","isSystem":false,"isOwn":false,"isTest":false,"isJavaContent":false},{"kind":"binary","path":"C:\\Users\\andersonlbarbosa\\.m2\\repository\\org\\hamcrest\\hamcrest-library\\1.3\\hamcrest-library-1.3.jar","sourceContainerUrl":"file:/C:/Users/andersonlbarbosa/.m2/repository/org/hamcrest/hamcrest-library/1.3/hamcrest-library-1.3-sources.jar","javadocContainerUrl":"file:/C:/Users/andersonlbarbosa/.m2/repository/org/hamcrest/hamcrest-library/1.3/hamcrest-library-1.3-javadoc.jar","isSystem":false,"isOwn":false,"isTest":false,"isJavaContent":false},{"kind":"binary","path":"C:\\Users\\andersonlbarbosa\\.m2\\repository\\org\\skyscreamer\\jsonassert\\1.5.0\\jsonassert-1.5.0.jar","sourceContainerUrl":"file:/C:/Users/andersonlbarbosa/.m2/repository/org/skyscreamer/jsonassert/1.5.0/jsonassert-1.5.0-sources.jar","javadocContainerUrl":"file:/C:/Users/andersonlbarbosa/.m2/repository/org/skyscreamer/jsonassert/1.5.0/jsonassert-1.5.0-javadoc.jar","isSystem":false,"isOwn":false,"isTest":false,"isJavaContent":false},{"kind":"binary","path":"C:\\Users\\andersonlbarbosa\\.m2\\repository\\com\\vaadin\\external\\google\\android-json\\0.0.20131108.vaadin1\\android-json-0.0.20131108.vaadin1.jar","sourceContainerUrl":"file:/C:/Users/andersonlbarbosa/.m2/repository/com/vaadin/external/google/android-json/0.0.20131108.vaadin1/android-json-0.0.20131108.vaadin1-sources.jar","javadocContainerUrl":"file:/C:/Users/andersonlbarbosa/.m2/repository/com/vaadin/external/google/android-json/0.0.20131108.vaadin1/android-json-0.0.20131108.vaadin1-javadoc.jar","isSystem":false,"isOwn":false,"isTest":false,"isJavaContent":false},{"kind":"binary","path":"C:\\Users\\andersonlbarbosa\\.m2\\repository\\org\\springframework\\spring-test\\5.1.5.RELEASE\\spring-test-5.1.5.RELEASE.jar","sourceContainerUrl":"file:/C:/Users/andersonlbarbosa/.m2/repository/org/springframework/spring-test/5.1.5.RELEASE/spring-test-5.1.5.RELEASE-sources.jar","javadocContainerUrl":"file:/C:/Users/andersonlbarbosa/.m2/repository/org/springframework/spring-test/5.1.5.RELEASE/spring-test-5.1.5.RELEASE-javadoc.jar","isSystem":false,"isOwn":false,"isTest":false,"isJavaContent":false},{"kind":"binary","path":"C:\\Users\\andersonlbarbosa\\.m2\\repository\\org\\xmlunit\\xmlunit-core\\2.6.2\\xmlunit-core-2.6.2.jar","sourceContainerUrl":"file:/C:/Users/andersonlbarbosa/.m2/repository/org/xmlunit/xmlunit-core/2.6.2/xmlunit-core-2.6.2-sources.jar","javadocContainerUrl":"file:/C:/Users/andersonlbarbosa/.m2/repository/org/xmlunit/xmlunit-core/2.6.2/xmlunit-core-2.6.2-javadoc.jar","isSystem":false,"isOwn":false,"isTest":false,"isJavaContent":false},{"kind":"binary","path":"C:\\Users\\andersonlbarbosa\\.m2\\repository\\br\\gov\\mt\\gestao\\thanos\\1.0.0\\thanos-1.0.0.jar","isSystem":false,"isOwn":false,"isTest":false,"isJavaContent":false},{"kind":"binary","path":"C:\\Users\\andersonlbarbosa\\.m2\\repository\\org\\springframework\\boot\\spring-boot-starter-web\\2.1.3.RELEASE\\spring-boot-starter-web-2.1.3.RELEASE.jar","isSystem":false,"isOwn":false,"isTest":false,"isJavaContent":false},{"kind":"binary","path":"C:\\Users\\andersonlbarbosa\\.m2\\repository\\org\\springframework\\boot\\spring-boot-starter-json\\2.1.3.RELEASE\\spring-boot-starter-json-2.1.3.RELEASE.jar","isSystem":false,"isOwn":false,"isTest":false,"isJavaContent":false},{"kind":"binary","path":"C:\\Users\\andersonlbarbosa\\.m2\\repository\\com\\fasterxml\\jackson\\datatype\\jackson-datatype-jdk8\\2.9.8\\jackson-datatype-jdk8-2.9.8.jar","sourceContainerUrl":"file:/C:/Users/andersonlbarbosa/.m2/repository/com/fasterxml/jackson/datatype/jackson-datatype-jdk8/2.9.8/jackson-datatype-jdk8-2.9.8-sources.jar","javadocContainerUrl":"file:/C:/Users/andersonlbarbosa/.m2/repository/com/fasterxml/jackson/datatype/jackson-datatype-jdk8/2.9.8/jackson-datatype-jdk8-2.9.8-javadoc.jar","isSystem":false,"isOwn":false,"isTest":false,"isJavaContent":false},{"kind":"binary","path":"C:\\Users\\andersonlbarbosa\\.m2\\repository\\com\\fasterxml\\jackson\\module\\jackson-module-parameter-names\\2.9.8\\jackson-module-parameter-names-2.9.8.jar","sourceContainerUrl":"file:/C:/Users/andersonlbarbosa/.m2/repository/com/fasterxml/jackson/module/jackson-module-parameter-names/2.9.8/jackson-module-parameter-names-2.9.8-sources.jar","javadocContainerUrl":"file:/C:/Users/andersonlbarbosa/.m2/repository/com/fasterxml/jackson/module/jackson-module-parameter-names/2.9.8/jackson-module-parameter-names-2.9.8-javadoc.jar","isSystem":false,"isOwn":false,"isTest":false,"isJavaContent":false},{"kind":"binary","path":"C:\\Users\\andersonlbarbosa\\.m2\\repository\\org\\springframework\\boot\\spring-boot-starter-tomcat\\2.1.3.RELEASE\\spring-boot-starter-tomcat-2.1.3.RELEASE.jar","isSystem":false,"isOwn":false,"isTest":false,"isJavaContent":false},{"kind":"binary","path":"C:\\Users\\andersonlbarbosa\\.m2\\repository\\org\\apache\\tomcat\\embed\\tomcat-embed-core\\9.0.16\\tomcat-embed-core-9.0.16.jar","sourceContainerUrl":"file:/C:/Users/andersonlbarbosa/.m2/repository/org/apache/tomcat/embed/tomcat-embed-core/9.0.16/tomcat-embed-core-9.0.16-sources.jar","isSystem":false,"isOwn":false,"isTest":false,"isJavaContent":false},{"kind":"binary","path":"C:\\Users\\andersonlbarbosa\\.m2\\repository\\org\\apache\\tomcat\\embed\\tomcat-embed-el\\9.0.16\\tomcat-embed-el-9.0.16.jar","sourceContainerUrl":"file:/C:/Users/andersonlbarbosa/.m2/repository/org/apache/tomcat/embed/tomcat-embed-el/9.0.16/tomcat-embed-el-9.0.16-sources.jar","isSystem":false,"isOwn":false,"isTest":false,"isJavaContent":false},{"kind":"binary","path":"C:\\Users\\andersonlbarbosa\\.m2\\repository\\org\\apache\\tomcat\\embed\\tomcat-embed-websocket\\9.0.16\\tomcat-embed-websocket-9.0.16.jar","sourceContainerUrl":"file:/C:/Users/andersonlbarbosa/.m2/repository/org/apache/tomcat/embed/tomcat-embed-websocket/9.0.16/tomcat-embed-websocket-9.0.16-sources.jar","isSystem":false,"isOwn":false,"isTest":false,"isJavaContent":false},{"kind":"binary","path":"C:\\Users\\andersonlbarbosa\\.m2\\repository\\org\\hibernate\\validator\\hibernate-validator\\6.0.14.Final\\hibernate-validator-6.0.14.Final.jar","sourceContainerUrl":"file:/C:/Users/andersonlbarbosa/.m2/repository/org/hibernate/validator/hibernate-validator/6.0.14.Final/hibernate-validator-6.0.14.Final-sources.jar","isSystem":false,"isOwn":false,"isTest":false,"isJavaContent":false},{"kind":"binary","path":"C:\\Users\\andersonlbarbosa\\.m2\\repository\\javax\\validation\\validation-api\\2.0.1.Final\\validation-api-2.0.1.Final.jar","sourceContainerUrl":"file:/C:/Users/andersonlbarbosa/.m2/repository/javax/validation/validation-api/2.0.1.Final/validation-api-2.0.1.Final-sources.jar","javadocContainerUrl":"file:/C:/Users/andersonlbarbosa/.m2/repository/javax/validation/validation-api/2.0.1.Final/validation-api-2.0.1.Final-javadoc.jar","isSystem":false,"isOwn":false,"isTest":false,"isJavaContent":false},{"kind":"binary","path":"C:\\Users\\andersonlbarbosa\\.m2\\repository\\com\\fasterxml\\classmate\\1.4.0\\classmate-1.4.0.jar","sourceContainerUrl":"file:/C:/Users/andersonlbarbosa/.m2/repository/com/fasterxml/classmate/1.4.0/classmate-1.4.0-sources.jar","javadocContainerUrl":"file:/C:/Users/andersonlbarbosa/.m2/repository/com/fasterxml/classmate/1.4.0/classmate-1.4.0-javadoc.jar","isSystem":false,"isOwn":false,"isTest":false,"isJavaContent":false},{"kind":"binary","path":"C:\\Users\\andersonlbarbosa\\.m2\\repository\\org\\springframework\\spring-web\\5.1.5.RELEASE\\spring-web-5.1.5.RELEASE.jar","sourceContainerUrl":"file:/C:/Users/andersonlbarbosa/.m2/repository/org/springframework/spring-web/5.1.5.RELEASE/spring-web-5.1.5.RELEASE-sources.jar","javadocContainerUrl":"file:/C:/Users/andersonlbarbosa/.m2/repository/org/springframework/spring-web/5.1.5.RELEASE/spring-web-5.1.5.RELEASE-javadoc.jar","isSystem":false,"isOwn":false,"isTest":false,"isJavaContent":false},{"kind":"binary","path":"C:\\Users\\andersonlbarbosa\\.m2\\repository\\org\\springframework\\spring-webmvc\\5.1.5.RELEASE\\spring-webmvc-5.1.5.RELEASE.jar","sourceContainerUrl":"file:/C:/Users/andersonlbarbosa/.m2/repository/org/springframework/spring-webmvc/5.1.5.RELEASE/spring-webmvc-5.1.5.RELEASE-sources.jar","javadocContainerUrl":"file:/C:/Users/andersonlbarbosa/.m2/repository/org/springframework/spring-webmvc/5.1.5.RELEASE/spring-webmvc-5.1.5.RELEASE-javadoc.jar","isSystem":false,"isOwn":false,"isTest":false,"isJavaContent":false},{"kind":"binary","path":"C:\\Users\\andersonlbarbosa\\.m2\\repository\\org\\springframework\\boot\\spring-boot-starter-data-jpa\\2.1.3.RELEASE\\spring-boot-starter-data-jpa-2.1.3.RELEASE.jar","isSystem":false,"isOwn":false,"isTest":false,"isJavaContent":false},{"kind":"binary","path":"C:\\Users\\andersonlbarbosa\\.m2\\repository\\org\\springframework\\boot\\spring-boot-starter-aop\\2.1.3.RELEASE\\spring-boot-starter-aop-2.1.3.RELEASE.jar","isSystem":false,"isOwn":false,"isTest":false,"isJavaContent":false},{"kind":"binary","path":"C:\\Users\\andersonlbarbosa\\.m2\\repository\\org\\aspectj\\aspectjweaver\\1.9.2\\aspectjweaver-1.9.2.jar","sourceContainerUrl":"file:/C:/Users/andersonlbarbosa/.m2/repository/org/aspectj/aspectjweaver/1.9.2/aspectjweaver-1.9.2-sources.jar","javadocContainerUrl":"file:/C:/Users/andersonlbarbosa/.m2/repository/org/aspectj/aspectjweaver/1.9.2/aspectjweaver-1.9.2-javadoc.jar","isSystem":false,"isOwn":false,"isTest":false,"isJavaContent":false},{"kind":"binary","path":"C:\\Users\\andersonlbarbosa\\.m2\\repository\\org\\springframework\\boot\\spring-boot-starter-jdbc\\2.1.3.RELEASE\\spring-boot-starter-jdbc-2.1.3.RELEASE.jar","isSystem":false,"isOwn":false,"isTest":false,"isJavaContent":false},{"kind":"binary","path":"C:\\Users\\andersonlbarbosa\\.m2\\repository\\com\\zaxxer\\HikariCP\\3.2.0\\HikariCP-3.2.0.jar","sourceContainerUrl":"file:/C:/Users/andersonlbarbosa/.m2/repository/com/zaxxer/HikariCP/3.2.0/HikariCP-3.2.0-sources.jar","javadocContainerUrl":"file:/C:/Users/andersonlbarbosa/.m2/repository/com/zaxxer/HikariCP/3.2.0/HikariCP-3.2.0-javadoc.jar","isSystem":false,"isOwn":false,"isTest":false,"isJavaContent":false},{"kind":"binary","path":"C:\\Users\\andersonlbarbosa\\.m2\\repository\\org\\springframework\\spring-jdbc\\5.1.5.RELEASE\\spring-jdbc-5.1.5.RELEASE.jar","sourceContainerUrl":"file:/C:/Users/andersonlbarbosa/.m2/repository/org/springframework/spring-jdbc/5.1.5.RELEASE/spring-jdbc-5.1.5.RELEASE-sources.jar","javadocContainerUrl":"file:/C:/Users/andersonlbarbosa/.m2/repository/org/springframework/spring-jdbc/5.1.5.RELEASE/spring-jdbc-5.1.5.RELEASE-javadoc.jar","isSystem":false,"isOwn":false,"isTest":false,"isJavaContent":false},{"kind":"binary","path":"C:\\Users\\andersonlbarbosa\\.m2\\repository\\javax\\transaction\\javax.transaction-api\\1.3\\javax.transaction-api-1.3.jar","sourceContainerUrl":"file:/C:/Users/andersonlbarbosa/.m2/repository/javax/transaction/javax.transaction-api/1.3/javax.transaction-api-1.3-sources.jar","javadocContainerUrl":"file:/C:/Users/andersonlbarbosa/.m2/repository/javax/transaction/javax.transaction-api/1.3/javax.transaction-api-1.3-javadoc.jar","isSystem":false,"isOwn":false,"isTest":false,"isJavaContent":false},{"kind":"binary","path":"C:\\Users\\andersonlbarbosa\\.m2\\repository\\javax\\xml\\bind\\jaxb-api\\2.3.1\\jaxb-api-2.3.1.jar","sourceContainerUrl":"file:/C:/Users/andersonlbarbosa/.m2/repository/javax/xml/bind/jaxb-api/2.3.1/jaxb-api-2.3.1-sources.jar","javadocContainerUrl":"file:/C:/Users/andersonlbarbosa/.m2/repository/javax/xml/bind/jaxb-api/2.3.1/jaxb-api-2.3.1-javadoc.jar","isSystem":false,"isOwn":false,"isTest":false,"isJavaContent":false},{"kind":"binary","path":"C:\\Users\\andersonlbarbosa\\.m2\\repository\\javax\\activation\\javax.activation-api\\1.2.0\\javax.activation-api-1.2.0.jar","sourceContainerUrl":"file:/C:/Users/andersonlbarbosa/.m2/repository/javax/activation/javax.activation-api/1.2.0/javax.activation-api-1.2.0-sources.jar","javadocContainerUrl":"file:/C:/Users/andersonlbarbosa/.m2/repository/javax/activation/javax.activation-api/1.2.0/javax.activation-api-1.2.0-javadoc.jar","isSystem":false,"isOwn":false,"isTest":false,"isJavaContent":false},{"kind":"binary","path":"C:\\Users\\andersonlbarbosa\\.m2\\repository\\org\\hibernate\\hibernate-core\\5.3.7.Final\\hibernate-core-5.3.7.Final.jar","sourceContainerUrl":"file:/C:/Users/andersonlbarbosa/.m2/repository/org/hibernate/hibernate-core/5.3.7.Final/hibernate-core-5.3.7.Final-sources.jar","javadocContainerUrl":"file:/C:/Users/andersonlbarbosa/.m2/repository/org/hibernate/hibernate-core/5.3.7.Final/hibernate-core-5.3.7.Final-javadoc.jar","isSystem":false,"isOwn":false,"isTest":false,"isJavaContent":false},{"kind":"binary","path":"C:\\Users\\andersonlbarbosa\\.m2\\repository\\javax\\persistence\\javax.persistence-api\\2.2\\javax.persistence-api-2.2.jar","sourceContainerUrl":"file:/C:/Users/andersonlbarbosa/.m2/repository/javax/persistence/javax.persistence-api/2.2/javax.persistence-api-2.2-sources.jar","javadocContainerUrl":"file:/C:/Users/andersonlbarbosa/.m2/repository/javax/persistence/javax.persistence-api/2.2/javax.persistence-api-2.2-javadoc.jar","isSystem":false,"isOwn":false,"isTest":false,"isJavaContent":false},{"kind":"binary","path":"C:\\Users\\andersonlbarbosa\\.m2\\repository\\org\\javassist\\javassist\\3.23.1-GA\\javassist-3.23.1-GA.jar","sourceContainerUrl":"file:/C:/Users/andersonlbarbosa/.m2/repository/org/javassist/javassist/3.23.1-GA/javassist-3.23.1-GA-sources.jar","javadocContainerUrl":"file:/C:/Users/andersonlbarbosa/.m2/repository/org/javassist/javassist/3.23.1-GA/javassist-3.23.1-GA-javadoc.jar","isSystem":false,"isOwn":false,"isTest":false,"isJavaContent":false},{"kind":"binary","path":"C:\\Users\\andersonlbarbosa\\.m2\\repository\\antlr\\antlr\\2.7.7\\antlr-2.7.7.jar","isSystem":false,"isOwn":false,"isTest":false,"isJavaContent":false},{"kind":"binary","path":"C:\\Users\\andersonlbarbosa\\.m2\\repository\\org\\jboss\\jandex\\2.0.5.Final\\jandex-2.0.5.Final.jar","sourceContainerUrl":"file:/C:/Users/andersonlbarbosa/.m2/repository/org/jboss/jandex/2.0.5.Final/jandex-2.0.5.Final-sources.jar","isSystem":false,"isOwn":false,"isTest":false,"isJavaContent":false},{"kind":"binary","path":"C:\\Users\\andersonlbarbosa\\.m2\\repository\\org\\dom4j\\dom4j\\2.1.1\\dom4j-2.1.1.jar","sourceContainerUrl":"file:/C:/Users/andersonlbarbosa/.m2/repository/org/dom4j/dom4j/2.1.1/dom4j-2.1.1-sources.jar","javadocContainerUrl":"file:/C:/Users/andersonlbarbosa/.m2/repository/org/dom4j/dom4j/2.1.1/dom4j-2.1.1-javadoc.jar","isSystem":false,"isOwn":false,"isTest":false,"isJavaContent":false},{"kind":"binary","path":"C:\\Users\\andersonlbarbosa\\.m2\\repository\\org\\hibernate\\common\\hibernate-commons-annotations\\5.0.4.Final\\hibernate-commons-annotations-5.0.4.Final.jar","sourceContainerUrl":"file:/C:/Users/andersonlbarbosa/.m2/repository/org/hibernate/common/hibernate-commons-annotations/5.0.4.Final/hibernate-commons-annotations-5.0.4.Final-sources.jar","isSystem":false,"isOwn":false,"isTest":false,"isJavaContent":false},{"kind":"binary","path":"C:\\Users\\andersonlbarbosa\\.m2\\repository\\org\\springframework\\data\\spring-data-jpa\\2.1.5.RELEASE\\spring-data-jpa-2.1.5.RELEASE.jar","sourceContainerUrl":"file:/C:/Users/andersonlbarbosa/.m2/repository/org/springframework/data/spring-data-jpa/2.1.5.RELEASE/spring-data-jpa-2.1.5.RELEASE-sources.jar","javadocContainerUrl":"file:/C:/Users/andersonlbarbosa/.m2/repository/org/springframework/data/spring-data-jpa/2.1.5.RELEASE/spring-data-jpa-2.1.5.RELEASE-javadoc.jar","isSystem":false,"isOwn":false,"isTest":false,"isJavaContent":false},{"kind":"binary","path":"C:\\Users\\andersonlbarbosa\\.m2\\repository\\org\\springframework\\data\\spring-data-commons\\2.1.5.RELEASE\\spring-data-commons-2.1.5.RELEASE.jar","sourceContainerUrl":"file:/C:/Users/andersonlbarbosa/.m2/repository/org/springframework/data/spring-data-commons/2.1.5.RELEASE/spring-data-commons-2.1.5.RELEASE-sources.jar","javadocContainerUrl":"file:/C:/Users/andersonlbarbosa/.m2/repository/org/springframework/data/spring-data-commons/2.1.5.RELEASE/spring-data-commons-2.1.5.RELEASE-javadoc.jar","isSystem":false,"isOwn":false,"isTest":false,"isJavaContent":false},{"kind":"binary","path":"C:\\Users\\andersonlbarbosa\\.m2\\repository\\org\\springframework\\spring-orm\\5.1.5.RELEASE\\spring-orm-5.1.5.RELEASE.jar","sourceContainerUrl":"file:/C:/Users/andersonlbarbosa/.m2/repository/org/springframework/spring-orm/5.1.5.RELEASE/spring-orm-5.1.5.RELEASE-sources.jar","javadocContainerUrl":"file:/C:/Users/andersonlbarbosa/.m2/repository/org/springframework/spring-orm/5.1.5.RELEASE/spring-orm-5.1.5.RELEASE-javadoc.jar","isSystem":false,"isOwn":false,"isTest":false,"isJavaContent":false},{"kind":"binary","path":"C:\\Users\\andersonlbarbosa\\.m2\\repository\\org\\springframework\\spring-tx\\5.1.5.RELEASE\\spring-tx-5.1.5.RELEASE.jar","sourceContainerUrl":"file:/C:/Users/andersonlbarbosa/.m2/repository/org/springframework/spring-tx/5.1.5.RELEASE/spring-tx-5.1.5.RELEASE-sources.jar","javadocContainerUrl":"file:/C:/Users/andersonlbarbosa/.m2/repository/org/springframework/spring-tx/5.1.5.RELEASE/spring-tx-5.1.5.RELEASE-javadoc.jar","isSystem":false,"isOwn":false,"isTest":false,"isJavaContent":false},{"kind":"binary","path":"C:\\Users\\andersonlbarbosa\\.m2\\repository\\org\\springframework\\spring-aspects\\5.1.5.RELEASE\\spring-aspects-5.1.5.RELEASE.jar","sourceContainerUrl":"file:/C:/Users/andersonlbarbosa/.m2/repository/org/springframework/spring-aspects/5.1.5.RELEASE/spring-aspects-5.1.5.RELEASE-sources.jar","javadocContainerUrl":"file:/C:/Users/andersonlbarbosa/.m2/repository/org/springframework/spring-aspects/5.1.5.RELEASE/spring-aspects-5.1.5.RELEASE-javadoc.jar","isSystem":false,"isOwn":false,"isTest":false,"isJavaContent":false},{"kind":"binary","path":"C:\\Users\\andersonlbarbosa\\.m2\\repository\\org\\springframework\\boot\\spring-boot-devtools\\2.1.3.RELEASE\\spring-boot-devtools-2.1.3.RELEASE.jar","sourceContainerUrl":"file:/C:/Users/andersonlbarbosa/.m2/repository/org/springframework/boot/spring-boot-devtools/2.1.3.RELEASE/spring-boot-devtools-2.1.3.RELEASE-sources.jar","javadocContainerUrl":"file:/C:/Users/andersonlbarbosa/.m2/repository/org/springframework/boot/spring-boot-devtools/2.1.3.RELEASE/spring-boot-devtools-2.1.3.RELEASE-javadoc.jar","isSystem":false,"isOwn":false,"isTest":false,"isJavaContent":false},{"kind":"binary","path":"C:\\Users\\andersonlbarbosa\\.m2\\repository\\org\\springframework\\boot\\spring-boot-starter-mail\\2.1.3.RELEASE\\spring-boot-starter-mail-2.1.3.RELEASE.jar","isSystem":false,"isOwn":false,"isTest":false,"isJavaContent":false},{"kind":"binary","path":"C:\\Users\\andersonlbarbosa\\.m2\\repository\\org\\springframework\\spring-context-support\\5.1.5.RELEASE\\spring-context-support-5.1.5.RELEASE.jar","sourceContainerUrl":"file:/C:/Users/andersonlbarbosa/.m2/repository/org/springframework/spring-context-support/5.1.5.RELEASE/spring-context-support-5.1.5.RELEASE-sources.jar","javadocContainerUrl":"file:/C:/Users/andersonlbarbosa/.m2/repository/org/springframework/spring-context-support/5.1.5.RELEASE/spring-context-support-5.1.5.RELEASE-javadoc.jar","isSystem":false,"isOwn":false,"isTest":false,"isJavaContent":false},{"kind":"binary","path":"C:\\Users\\andersonlbarbosa\\.m2\\repository\\com\\sun\\mail\\javax.mail\\1.6.2\\javax.mail-1.6.2.jar","sourceContainerUrl":"file:/C:/Users/andersonlbarbosa/.m2/repository/com/sun/mail/javax.mail/1.6.2/javax.mail-1.6.2-sources.jar","javadocContainerUrl":"file:/C:/Users/andersonlbarbosa/.m2/repository/com/sun/mail/javax.mail/1.6.2/javax.mail-1.6.2-javadoc.jar","isSystem":false,"isOwn":false,"isTest":false,"isJavaContent":false},{"kind":"binary","path":"C:\\Users\\andersonlbarbosa\\.m2\\repository\\javax\\activation\\activation\\1.1\\activation-1.1.jar","sourceContainerUrl":"file:/C:/Users/andersonlbarbosa/.m2/repository/javax/activation/activation/1.1/activation-1.1-sources.jar","isSystem":false,"isOwn":false,"isTest":false,"isJavaContent":false},{"kind":"binary","path":"C:\\Users\\andersonlbarbosa\\.m2\\repository\\org\\springframework\\boot\\spring-boot-starter-thymeleaf\\2.1.3.RELEASE\\spring-boot-starter-thymeleaf-2.1.3.RELEASE.jar","isSystem":false,"isOwn":false,"isTest":false,"isJavaContent":false},{"kind":"binary","path":"C:\\Users\\andersonlbarbosa\\.m2\\repository\\org\\thymeleaf\\thymeleaf-spring5\\3.0.11.RELEASE\\thymeleaf-spring5-3.0.11.RELEASE.jar","sourceContainerUrl":"file:/C:/Users/andersonlbarbosa/.m2/repository/org/thymeleaf/thymeleaf-spring5/3.0.11.RELEASE/thymeleaf-spring5-3.0.11.RELEASE-sources.jar","javadocContainerUrl":"file:/C:/Users/andersonlbarbosa/.m2/repository/org/thymeleaf/thymeleaf-spring5/3.0.11.RELEASE/thymeleaf-spring5-3.0.11.RELEASE-javadoc.jar","isSystem":false,"isOwn":false,"isTest":false,"isJavaContent":false},{"kind":"binary","path":"C:\\Users\\andersonlbarbosa\\.m2\\repository\\org\\thymeleaf\\extras\\thymeleaf-extras-java8time\\3.0.3.RELEASE\\thymeleaf-extras-java8time-3.0.3.RELEASE.jar","sourceContainerUrl":"file:/C:/Users/andersonlbarbosa/.m2/repository/org/thymeleaf/extras/thymeleaf-extras-java8time/3.0.3.RELEASE/thymeleaf-extras-java8time-3.0.3.RELEASE-sources.jar","javadocContainerUrl":"file:/C:/Users/andersonlbarbosa/.m2/repository/org/thymeleaf/extras/thymeleaf-extras-java8time/3.0.3.RELEASE/thymeleaf-extras-java8time-3.0.3.RELEASE-javadoc.jar","isSystem":false,"isOwn":false,"isTest":false,"isJavaContent":false},{"kind":"binary","path":"C:\\Users\\andersonlbarbosa\\.m2\\repository\\org\\thymeleaf\\thymeleaf\\3.0.11.RELEASE\\thymeleaf-3.0.11.RELEASE.jar","sourceContainerUrl":"file:/C:/Users/andersonlbarbosa/.m2/repository/org/thymeleaf/thymeleaf/3.0.11.RELEASE/thymeleaf-3.0.11.RELEASE-sources.jar","javadocContainerUrl":"file:/C:/Users/andersonlbarbosa/.m2/repository/org/thymeleaf/thymeleaf/3.0.11.RELEASE/thymeleaf-3.0.11.RELEASE-javadoc.jar","isSystem":false,"isOwn":false,"isTest":false,"isJavaContent":false},{"kind":"binary","path":"C:\\Users\\andersonlbarbosa\\.m2\\repository\\ognl\\ognl\\3.1.12\\ognl-3.1.12.jar","sourceContainerUrl":"file:/C:/Users/andersonlbarbosa/.m2/repository/ognl/ognl/3.1.12/ognl-3.1.12-sources.jar","javadocContainerUrl":"file:/C:/Users/andersonlbarbosa/.m2/repository/ognl/ognl/3.1.12/ognl-3.1.12-javadoc.jar","isSystem":false,"isOwn":false,"isTest":false,"isJavaContent":false},{"kind":"binary","path":"C:\\Users\\andersonlbarbosa\\.m2\\repository\\org\\attoparser\\attoparser\\2.0.5.RELEASE\\attoparser-2.0.5.RELEASE.jar","sourceContainerUrl":"file:/C:/Users/andersonlbarbosa/.m2/repository/org/attoparser/attoparser/2.0.5.RELEASE/attoparser-2.0.5.RELEASE-sources.jar","javadocContainerUrl":"file:/C:/Users/andersonlbarbosa/.m2/repository/org/attoparser/attoparser/2.0.5.RELEASE/attoparser-2.0.5.RELEASE-javadoc.jar","isSystem":false,"isOwn":false,"isTest":false,"isJavaContent":false},{"kind":"binary","path":"C:\\Users\\andersonlbarbosa\\.m2\\repository\\org\\unbescape\\unbescape\\1.1.6.RELEASE\\unbescape-1.1.6.RELEASE.jar","sourceContainerUrl":"file:/C:/Users/andersonlbarbosa/.m2/repository/org/unbescape/unbescape/1.1.6.RELEASE/unbescape-1.1.6.RELEASE-sources.jar","javadocContainerUrl":"file:/C:/Users/andersonlbarbosa/.m2/repository/org/unbescape/unbescape/1.1.6.RELEASE/unbescape-1.1.6.RELEASE-javadoc.jar","isSystem":false,"isOwn":false,"isTest":false,"isJavaContent":false},{"kind":"binary","path":"C:\\Users\\andersonlbarbosa\\.m2\\repository\\org\\hibernate\\hibernate-java8\\5.3.7.Final\\hibernate-java8-5.3.7.Final.jar","sourceContainerUrl":"file:/C:/Users/andersonlbarbosa/.m2/repository/org/hibernate/hibernate-java8/5.3.7.Final/hibernate-java8-5.3.7.Final-sources.jar","javadocContainerUrl":"file:/C:/Users/andersonlbarbosa/.m2/repository/org/hibernate/hibernate-java8/5.3.7.Final/hibernate-java8-5.3.7.Final-javadoc.jar","isSystem":false,"isOwn":false,"isTest":false,"isJavaContent":false},{"kind":"binary","path":"C:\\Users\\andersonlbarbosa\\.m2\\repository\\org\\jboss\\logging\\jboss-logging\\3.3.2.Final\\jboss-logging-3.3.2.Final.jar","sourceContainerUrl":"file:/C:/Users/andersonlbarbosa/.m2/repository/org/jboss/logging/jboss-logging/3.3.2.Final/jboss-logging-3.3.2.Final-sources.jar","javadocContainerUrl":"file:/C:/Users/andersonlbarbosa/.m2/repository/org/jboss/logging/jboss-logging/3.3.2.Final/jboss-logging-3.3.2.Final-javadoc.jar","isSystem":false,"isOwn":false,"isTest":false,"isJavaContent":false},{"kind":"binary","path":"C:\\Users\\andersonlbarbosa\\.m2\\repository\\com\\fasterxml\\jackson\\datatype\\jackson-datatype-jsr310\\2.9.8\\jackson-datatype-jsr310-2.9.8.jar","sourceContainerUrl":"file:/C:/Users/andersonlbarbosa/.m2/repository/com/fasterxml/jackson/datatype/jackson-datatype-jsr310/2.9.8/jackson-datatype-jsr310-2.9.8-sources.jar","javadocContainerUrl":"file:/C:/Users/andersonlbarbosa/.m2/repository/com/fasterxml/jackson/datatype/jackson-datatype-jsr310/2.9.8/jackson-datatype-jsr310-2.9.8-javadoc.jar","isSystem":false,"isOwn":false,"isTest":false,"isJavaContent":false},{"kind":"binary","path":"C:\\Users\\andersonlbarbosa\\.m2\\repository\\com\\fasterxml\\jackson\\core\\jackson-annotations\\2.9.0\\jackson-annotations-2.9.0.jar","sourceContainerUrl":"file:/C:/Users/andersonlbarbosa/.m2/repository/com/fasterxml/jackson/core/jackson-annotations/2.9.0/jackson-annotations-2.9.0-sources.jar","javadocContainerUrl":"file:/C:/Users/andersonlbarbosa/.m2/repository/com/fasterxml/jackson/core/jackson-annotations/2.9.0/jackson-annotations-2.9.0-javadoc.jar","isSystem":false,"isOwn":false,"isTest":false,"isJavaContent":false},{"kind":"binary","path":"C:\\Users\\andersonlbarbosa\\.m2\\repository\\com\\fasterxml\\jackson\\core\\jackson-core\\2.9.8\\jackson-core-2.9.8.jar","sourceContainerUrl":"file:/C:/Users/andersonlbarbosa/.m2/repository/com/fasterxml/jackson/core/jackson-core/2.9.8/jackson-core-2.9.8-sources.jar","javadocContainerUrl":"file:/C:/Users/andersonlbarbosa/.m2/repository/com/fasterxml/jackson/core/jackson-core/2.9.8/jackson-core-2.9.8-javadoc.jar","isSystem":false,"isOwn":false,"isTest":false,"isJavaContent":false},{"kind":"binary","path":"C:\\Users\\andersonlbarbosa\\.m2\\repository\\com\\fasterxml\\jackson\\core\\jackson-databind\\2.9.8\\jackson-databind-2.9.8.jar","sourceContainerUrl":"file:/C:/Users/andersonlbarbosa/.m2/repository/com/fasterxml/jackson/core/jackson-databind/2.9.8/jackson-databind-2.9.8-sources.jar","javadocContainerUrl":"file:/C:/Users/andersonlbarbosa/.m2/repository/com/fasterxml/jackson/core/jackson-databind/2.9.8/jackson-databind-2.9.8-javadoc.jar","isSystem":false,"isOwn":false,"isTest":false,"isJavaContent":false},{"kind":"binary","path":"C:\\Users\\andersonlbarbosa\\.m2\\repository\\net\\sf\\jasperreports\\jasperreports\\6.5.1\\jasperreports-6.5.1.jar","sourceContainerUrl":"file:/C:/Users/andersonlbarbosa/.m2/repository/net/sf/jasperreports/jasperreports/6.5.1/jasperreports-6.5.1-sources.jar","javadocContainerUrl":"file:/C:/Users/andersonlbarbosa/.m2/repository/net/sf/jasperreports/jasperreports/6.5.1/jasperreports-6.5.1-javadoc.jar","isSystem":false,"isOwn":false,"isTest":false,"isJavaContent":false},{"kind":"binary","path":"C:\\Users\\andersonlbarbosa\\.m2\\repository\\commons-beanutils\\commons-beanutils\\1.9.3\\commons-beanutils-1.9.3.jar","sourceContainerUrl":"file:/C:/Users/andersonlbarbosa/.m2/repository/commons-beanutils/commons-beanutils/1.9.3/commons-beanutils-1.9.3-sources.jar","javadocContainerUrl":"file:/C:/Users/andersonlbarbosa/.m2/repository/commons-beanutils/commons-beanutils/1.9.3/commons-beanutils-1.9.3-javadoc.jar","isSystem":false,"isOwn":false,"isTest":false,"isJavaContent":false},{"kind":"binary","path":"C:\\Users\\andersonlbarbosa\\.m2\\repository\\commons-collections\\commons-collections\\3.2.2\\commons-collections-3.2.2.jar","sourceContainerUrl":"file:/C:/Users/andersonlbarbosa/.m2/repository/commons-collections/commons-collections/3.2.2/commons-collections-3.2.2-sources.jar","javadocContainerUrl":"file:/C:/Users/andersonlbarbosa/.m2/repository/commons-collections/commons-collections/3.2.2/commons-collections-3.2.2-javadoc.jar","isSystem":false,"isOwn":false,"isTest":false,"isJavaContent":false},{"kind":"binary","path":"C:\\Users\\andersonlbarbosa\\.m2\\repository\\commons-digester\\commons-digester\\2.1\\commons-digester-2.1.jar","sourceContainerUrl":"file:/C:/Users/andersonlbarbosa/.m2/repository/commons-digester/commons-digester/2.1/commons-digester-2.1-sources.jar","javadocContainerUrl":"file:/C:/Users/andersonlbarbosa/.m2/repository/commons-digester/commons-digester/2.1/commons-digester-2.1-javadoc.jar","isSystem":false,"isOwn":false,"isTest":false,"isJavaContent":false},{"kind":"binary","path":"C:\\Users\\andersonlbarbosa\\.m2\\repository\\commons-logging\\commons-logging\\1.1.1\\commons-logging-1.1.1.jar","sourceContainerUrl":"file:/C:/Users/andersonlbarbosa/.m2/repository/commons-logging/commons-logging/1.1.1/commons-logging-1.1.1-sources.jar","javadocContainerUrl":"file:/C:/Users/andersonlbarbosa/.m2/repository/commons-logging/commons-logging/1.1.1/commons-logging-1.1.1-javadoc.jar","isSystem":false,"isOwn":false,"isTest":false,"isJavaContent":false},{"kind":"binary","path":"C:\\Users\\andersonlbarbosa\\.m2\\repository\\com\\lowagie\\itext\\2.1.7.js6\\itext-2.1.7.js6.jar","isSystem":false,"isOwn":false,"isTest":false,"isJavaContent":false},{"kind":"binary","path":"C:\\Users\\andersonlbarbosa\\.m2\\repository\\org\\bouncycastle\\bcprov-jdk15on\\1.52\\bcprov-jdk15on-1.52.jar","sourceContainerUrl":"file:/C:/Users/andersonlbarbosa/.m2/repository/org/bouncycastle/bcprov-jdk15on/1.52/bcprov-jdk15on-1.52-sources.jar","javadocContainerUrl":"file:/C:/Users/andersonlbarbosa/.m2/repository/org/bouncycastle/bcprov-jdk15on/1.52/bcprov-jdk15on-1.52-javadoc.jar","isSystem":false,"isOwn":false,"isTest":false,"isJavaContent":false},{"kind":"binary","path":"C:\\Users\\andersonlbarbosa\\.m2\\repository\\org\\jfree\\jcommon\\1.0.23\\jcommon-1.0.23.jar","sourceContainerUrl":"file:/C:/Users/andersonlbarbosa/.m2/repository/org/jfree/jcommon/1.0.23/jcommon-1.0.23-sources.jar","javadocContainerUrl":"file:/C:/Users/andersonlbarbosa/.m2/repository/org/jfree/jcommon/1.0.23/jcommon-1.0.23-javadoc.jar","isSystem":false,"isOwn":false,"isTest":false,"isJavaContent":false},{"kind":"binary","path":"C:\\Users\\andersonlbarbosa\\.m2\\repository\\org\\jfree\\jfreechart\\1.0.19\\jfreechart-1.0.19.jar","sourceContainerUrl":"file:/C:/Users/andersonlbarbosa/.m2/repository/org/jfree/jfreechart/1.0.19/jfreechart-1.0.19-sources.jar","javadocContainerUrl":"file:/C:/Users/andersonlbarbosa/.m2/repository/org/jfree/jfreechart/1.0.19/jfreechart-1.0.19-javadoc.jar","isSystem":false,"isOwn":false,"isTest":false,"isJavaContent":false},{"kind":"binary","path":"C:\\Users\\andersonlbarbosa\\.m2\\repository\\org\\eclipse\\jdt\\core\\compiler\\ecj\\4.4.2\\ecj-4.4.2.jar","sourceContainerUrl":"file:/C:/Users/andersonlbarbosa/.m2/repository/org/eclipse/jdt/core/compiler/ecj/4.4.2/ecj-4.4.2-sources.jar","javadocContainerUrl":"file:/C:/Users/andersonlbarbosa/.m2/repository/org/eclipse/jdt/core/compiler/ecj/4.4.2/ecj-4.4.2-javadoc.jar","isSystem":false,"isOwn":false,"isTest":false,"isJavaContent":false},{"kind":"binary","path":"C:\\Users\\andersonlbarbosa\\.m2\\repository\\org\\codehaus\\castor\\castor-xml\\1.3.3\\castor-xml-1.3.3.jar","sourceContainerUrl":"file:/C:/Users/andersonlbarbosa/.m2/repository/org/codehaus/castor/castor-xml/1.3.3/castor-xml-1.3.3-sources.jar","javadocContainerUrl":"file:/C:/Users/andersonlbarbosa/.m2/repository/org/codehaus/castor/castor-xml/1.3.3/castor-xml-1.3.3-javadoc.jar","isSystem":false,"isOwn":false,"isTest":false,"isJavaContent":false},{"kind":"binary","path":"C:\\Users\\andersonlbarbosa\\.m2\\repository\\org\\codehaus\\castor\\castor-core\\1.3.3\\castor-core-1.3.3.jar","sourceContainerUrl":"file:/C:/Users/andersonlbarbosa/.m2/repository/org/codehaus/castor/castor-core/1.3.3/castor-core-1.3.3-sources.jar","javadocContainerUrl":"file:/C:/Users/andersonlbarbosa/.m2/repository/org/codehaus/castor/castor-core/1.3.3/castor-core-1.3.3-javadoc.jar","isSystem":false,"isOwn":false,"isTest":false,"isJavaContent":false},{"kind":"binary","path":"C:\\Users\\andersonlbarbosa\\.m2\\repository\\commons-lang\\commons-lang\\2.6\\commons-lang-2.6.jar","sourceContainerUrl":"file:/C:/Users/andersonlbarbosa/.m2/repository/commons-lang/commons-lang/2.6/commons-lang-2.6-sources.jar","javadocContainerUrl":"file:/C:/Users/andersonlbarbosa/.m2/repository/commons-lang/commons-lang/2.6/commons-lang-2.6-javadoc.jar","isSystem":false,"isOwn":false,"isTest":false,"isJavaContent":false},{"kind":"binary","path":"C:\\Users\\andersonlbarbosa\\.m2\\repository\\javax\\inject\\javax.inject\\1\\javax.inject-1.jar","sourceContainerUrl":"file:/C:/Users/andersonlbarbosa/.m2/repository/javax/inject/javax.inject/1/javax.inject-1-sources.jar","javadocContainerUrl":"file:/C:/Users/andersonlbarbosa/.m2/repository/javax/inject/javax.inject/1/javax.inject-1-javadoc.jar","isSystem":false,"isOwn":false,"isTest":false,"isJavaContent":false},{"kind":"binary","path":"C:\\Users\\andersonlbarbosa\\.m2\\repository\\stax\\stax\\1.2.0\\stax-1.2.0.jar","sourceContainerUrl":"file:/C:/Users/andersonlbarbosa/.m2/repository/stax/stax/1.2.0/stax-1.2.0-sources.jar","isSystem":false,"isOwn":false,"isTest":false,"isJavaContent":false},{"kind":"binary","path":"C:\\Users\\andersonlbarbosa\\.m2\\repository\\stax\\stax-api\\1.0.1\\stax-api-1.0.1.jar","isSystem":false,"isOwn":false,"isTest":false,"isJavaContent":false},{"kind":"binary","path":"C:\\Users\\andersonlbarbosa\\.m2\\repository\\javax\\xml\\stream\\stax-api\\1.0-2\\stax-api-1.0-2.jar","sourceContainerUrl":"file:/C:/Users/andersonlbarbosa/.m2/repository/javax/xml/stream/stax-api/1.0-2/stax-api-1.0-2-sources.jar","isSystem":false,"isOwn":false,"isTest":false,"isJavaContent":false},{"kind":"binary","path":"C:\\Users\\andersonlbarbosa\\.m2\\repository\\org\\apache\\lucene\\lucene-core\\4.5.1\\lucene-core-4.5.1.jar","sourceContainerUrl":"file:/C:/Users/andersonlbarbosa/.m2/repository/org/apache/lucene/lucene-core/4.5.1/lucene-core-4.5.1-sources.jar","javadocContainerUrl":"file:/C:/Users/andersonlbarbosa/.m2/repository/org/apache/lucene/lucene-core/4.5.1/lucene-core-4.5.1-javadoc.jar","isSystem":false,"isOwn":false,"isTest":false,"isJavaContent":false},{"kind":"binary","path":"C:\\Users\\andersonlbarbosa\\.m2\\repository\\org\\apache\\lucene\\lucene-analyzers-common\\4.5.1\\lucene-analyzers-common-4.5.1.jar","sourceContainerUrl":"file:/C:/Users/andersonlbarbosa/.m2/repository/org/apache/lucene/lucene-analyzers-common/4.5.1/lucene-analyzers-common-4.5.1-sources.jar","javadocContainerUrl":"file:/C:/Users/andersonlbarbosa/.m2/repository/org/apache/lucene/lucene-analyzers-common/4.5.1/lucene-analyzers-common-4.5.1-javadoc.jar","isSystem":false,"isOwn":false,"isTest":false,"isJavaContent":false},{"kind":"binary","path":"C:\\Users\\andersonlbarbosa\\.m2\\repository\\org\\apache\\lucene\\lucene-queryparser\\4.5.1\\lucene-queryparser-4.5.1.jar","sourceContainerUrl":"file:/C:/Users/andersonlbarbosa/.m2/repository/org/apache/lucene/lucene-queryparser/4.5.1/lucene-queryparser-4.5.1-sources.jar","javadocContainerUrl":"file:/C:/Users/andersonlbarbosa/.m2/repository/org/apache/lucene/lucene-queryparser/4.5.1/lucene-queryparser-4.5.1-javadoc.jar","isSystem":false,"isOwn":false,"isTest":false,"isJavaContent":false},{"kind":"binary","path":"C:\\Users\\andersonlbarbosa\\.m2\\repository\\org\\apache\\lucene\\lucene-queries\\4.5.1\\lucene-queries-4.5.1.jar","sourceContainerUrl":"file:/C:/Users/andersonlbarbosa/.m2/repository/org/apache/lucene/lucene-queries/4.5.1/lucene-queries-4.5.1-sources.jar","javadocContainerUrl":"file:/C:/Users/andersonlbarbosa/.m2/repository/org/apache/lucene/lucene-queries/4.5.1/lucene-queries-4.5.1-javadoc.jar","isSystem":false,"isOwn":false,"isTest":false,"isJavaContent":false},{"kind":"binary","path":"C:\\Users\\andersonlbarbosa\\.m2\\repository\\org\\apache\\lucene\\lucene-sandbox\\4.5.1\\lucene-sandbox-4.5.1.jar","sourceContainerUrl":"file:/C:/Users/andersonlbarbosa/.m2/repository/org/apache/lucene/lucene-sandbox/4.5.1/lucene-sandbox-4.5.1-sources.jar","javadocContainerUrl":"file:/C:/Users/andersonlbarbosa/.m2/repository/org/apache/lucene/lucene-sandbox/4.5.1/lucene-sandbox-4.5.1-javadoc.jar","isSystem":false,"isOwn":false,"isTest":false,"isJavaContent":false},{"kind":"binary","path":"C:\\Users\\andersonlbarbosa\\.m2\\repository\\jakarta-regexp\\jakarta-regexp\\1.4\\jakarta-regexp-1.4.jar","isSystem":false,"isOwn":false,"isTest":false,"isJavaContent":false},{"kind":"binary","path":"C:\\Users\\andersonlbarbosa\\.m2\\repository\\org\\olap4j\\olap4j\\0.9.7.309-JS-3\\olap4j-0.9.7.309-JS-3.jar","isSystem":false,"isOwn":false,"isTest":false,"isJavaContent":false},{"kind":"binary","path":"C:\\Users\\andersonlbarbosa\\.m2\\repository\\com\\google\\zxing\\core\\3.2.1\\core-3.2.1.jar","sourceContainerUrl":"file:/C:/Users/andersonlbarbosa/.m2/repository/com/google/zxing/core/3.2.1/core-3.2.1-sources.jar","javadocContainerUrl":"file:/C:/Users/andersonlbarbosa/.m2/repository/com/google/zxing/core/3.2.1/core-3.2.1-javadoc.jar","isSystem":false,"isOwn":false,"isTest":false,"isJavaContent":false},{"kind":"binary","path":"C:\\Users\\andersonlbarbosa\\.m2\\repository\\com\\ibm\\icu\\icu4j\\57.1\\icu4j-57.1.jar","sourceContainerUrl":"file:/C:/Users/andersonlbarbosa/.m2/repository/com/ibm/icu/icu4j/57.1/icu4j-57.1-sources.jar","javadocContainerUrl":"file:/C:/Users/andersonlbarbosa/.m2/repository/com/ibm/icu/icu4j/57.1/icu4j-57.1-javadoc.jar","isSystem":false,"isOwn":false,"isTest":false,"isJavaContent":false},{"kind":"binary","path":"C:\\Users\\andersonlbarbosa\\.m2\\repository\\net\\sf\\jasperreports\\jasperreports-functions\\6.5.1\\jasperreports-functions-6.5.1.jar","isSystem":false,"isOwn":false,"isTest":false,"isJavaContent":false},{"kind":"binary","path":"C:\\Users\\andersonlbarbosa\\.m2\\repository\\joda-time\\joda-time\\2.10.1\\joda-time-2.10.1.jar","sourceContainerUrl":"file:/C:/Users/andersonlbarbosa/.m2/repository/joda-time/joda-time/2.10.1/joda-time-2.10.1-sources.jar","javadocContainerUrl":"file:/C:/Users/andersonlbarbosa/.m2/repository/joda-time/joda-time/2.10.1/joda-time-2.10.1-javadoc.jar","isSystem":false,"isOwn":false,"isTest":false,"isJavaContent":false},{"kind":"binary","path":"C:\\Users\\andersonlbarbosa\\.m2\\repository\\net\\sf\\jasperreports\\jasperreports-fonts\\6.0.0\\jasperreports-fonts-6.0.0.jar","isSystem":false,"isOwn":false,"isTest":false,"isJavaContent":false},{"kind":"binary","path":"C:\\Users\\andersonlbarbosa\\.m2\\repository\\commons-codec\\commons-codec\\1.11\\commons-codec-1.11.jar","sourceContainerUrl":"file:/C:/Users/andersonlbarbosa/.m2/repository/commons-codec/commons-codec/1.11/commons-codec-1.11-sources.jar","javadocContainerUrl":"file:/C:/Users/andersonlbarbosa/.m2/repository/commons-codec/commons-codec/1.11/commons-codec-1.11-javadoc.jar","isSystem":false,"isOwn":false,"isTest":false,"isJavaContent":false},{"kind":"binary","path":"C:\\Users\\andersonlbarbosa\\.m2\\repository\\commons-io\\commons-io\\2.6\\commons-io-2.6.jar","sourceContainerUrl":"file:/C:/Users/andersonlbarbosa/.m2/repository/commons-io/commons-io/2.6/commons-io-2.6-sources.jar","javadocContainerUrl":"file:/C:/Users/andersonlbarbosa/.m2/repository/commons-io/commons-io/2.6/commons-io-2.6-javadoc.jar","isSystem":false,"isOwn":false,"isTest":false,"isJavaContent":false},{"kind":"binary","path":"C:\\Users\\andersonlbarbosa\\.m2\\repository\\org\\apache\\commons\\commons-lang3\\3.8.1\\commons-lang3-3.8.1.jar","sourceContainerUrl":"file:/C:/Users/andersonlbarbosa/.m2/repository/org/apache/commons/commons-lang3/3.8.1/commons-lang3-3.8.1-sources.jar","javadocContainerUrl":"file:/C:/Users/andersonlbarbosa/.m2/repository/org/apache/commons/commons-lang3/3.8.1/commons-lang3-3.8.1-javadoc.jar","isSystem":false,"isOwn":false,"isTest":false,"isJavaContent":false},{"kind":"binary","path":"C:\\Users\\andersonlbarbosa\\.m2\\repository\\org\\postgresql\\postgresql\\42.2.5\\postgresql-42.2.5.jar","sourceContainerUrl":"file:/C:/Users/andersonlbarbosa/.m2/repository/org/postgresql/postgresql/42.2.5/postgresql-42.2.5-sources.jar","javadocContainerUrl":"file:/C:/Users/andersonlbarbosa/.m2/repository/org/postgresql/postgresql/42.2.5/postgresql-42.2.5-javadoc.jar","isSystem":false,"isOwn":false,"isTest":false,"isJavaContent":false},{"kind":"binary","path":"C:\\Users\\andersonlbarbosa\\.m2\\repository\\com\\oracle\\ojdbc6\\11.2\\ojdbc6-11.2.jar","isSystem":false,"isOwn":false,"isTest":false,"isJavaContent":false},{"kind":"source","path":"C:\\Java\\WorkSpring\\api-ferramenta-apoio\\src\\main\\java","outputFolder":"C:\\Java\\WorkSpring\\api-ferramenta-apoio\\target\\classes","javadocContainerUrl":"file:/C:/Java/WorkSpring/api-ferramenta-apoio/target/site/apidocs","isSystem":false,"isOwn":true,"isTest":false,"isJavaContent":true},{"kind":"source","path":"C:\\Java\\WorkSpring\\api-ferramenta-apoio\\src\\test\\java","outputFolder":"C:\\Java\\WorkSpring\\api-ferramenta-apoio\\target\\test-classes","javadocContainerUrl":"file:/C:/Java/WorkSpring/api-ferramenta-apoio/target/site/apidocs","isSystem":false,"isOwn":true,"isTest":true,"isJavaContent":true},{"kind":"source","path":"C:\\Java\\WorkSpring\\api-ferramenta-apoio\\src\\main\\resources","outputFolder":"C:\\Java\\WorkSpring\\api-ferramenta-apoio\\target\\classes","isSystem":false,"isOwn":true,"isTest":false,"isJavaContent":false},{"kind":"source","path":"C:\\Java\\WorkSpring\\api-ferramenta-apoio\\src\\test\\resources","outputFolder":"C:\\Java\\WorkSpring\\api-ferramenta-apoio\\target\\test-classes","isSystem":false,"isOwn":true,"isTest":true,"isJavaContent":false},{"kind":"source","path":"C:\\Java\\WorkSpring\\api-ferramenta-apoio\\src\\test\\java","outputFolder":"C:\\Java\\WorkSpring\\api-ferramenta-apoio\\target\\test-classes","javadocContainerUrl":"file:/C:/Java/WorkSpring/api-ferramenta-apoio/target/site/apidocs","isSystem":false,"isOwn":true,"isTest":false,"isJavaContent":false}]}